허가번호, 발전소명 ,상호,설치장소,사업허가일자,사업개시일자, 허가용량(키로와트) ,원동력
1,㈜청풍에너지 소수력발전소, ㈜청풍에너지 ,  금산군 부리면 방우리 258-90 ,1986-08-01,1987-03-09,2120, 소수력 
4,태안발전본부 소수력 발전소, 한국서부발전㈜ , 태안군 원북면 방갈리 831번지(태안화력 방수로) ,2005-03-05,2009-07-20,2200, 소수력 
29, 서천화력 태양광 , 한국중부발전㈜ , 서천군 서면 마량리 313-2 ,2007-02-21,2008-01-18,1200,태양광
132, 태안솔라팜 , 태안솔라팜㈜ , 태안군 소원면 소근리 산29-1 ,2008-03-12,2008-07-16,1614,태양광
421, 백제보 소수력 , 한국수자원공사 , 부여군 부여읍 자왕리 601 ,2010-03-29,2012-01-30,2640,소수력
439, 공주보 소수력 , 한국수자원공사 , 공주시 우성면 평목리 87 ,2010-09-17,2012-01-30,3000,소수력
485, 한국동서발전㈜당진군매립시설 , 한국동서발전㈜ , 당진시 송산면 가곡리 499 ,2011-04-21,2011-12-20,1311,태양광
496, ㈜케이씨씨대죽2공장 , ㈜케이씨씨 본부영업소 , 서산시 대산읍 대죽리 11-6 ,2011-12-22,2014-09-12,1590,태양광
502, 동부당진솔라㈜ , 동부당진솔라㈜ , 당진시 송악읍 고대리 333-2 ,2012-02-08,2012-12-26,3004,태양광
524, 안면도태양광발전소㈜ , 안면도태양광발전소㈜ , 태안군 안면읍 정당리 1130-30 ,2012-04-10,2013-03-28,2100,태양광
525, 붓드기태양광발전소㈜ , 붓드기태양광발전소㈜ , 태안군 안면읍 정당리 1130-29 ,2012-04-10,2013-06-05,2200,태양광
590, 영목태양광㈜ , 영목태양광㈜ , 태안군 고남면 고남리 1653-1(1필지) ,2012-10-12,2013-08-16,1276.8,태양광
591, 안면태양광㈜ , 안면태양광㈜ , 태안군 고남면 고남리 1672-24(1필지) ,2012-10-12,2013-09-02,1997.28,태양광
592, 고남태양광㈜ , 고남태양광㈜ , 태안군 고남면 고남리 1611-18(1필지) ,2012-10-12,2013-09-02,1678.08,태양광
706, ㈜일산태양광제3 , (주)일산태양광제3태양광발전소 , 태안군 소원면 신덕리170-18(1필지) ,2013-08-30,2014-03-05,1497.42,태양광
776, ㈜한국태양광발전5호니프코리아아산 , (주)한국태양광발전5호니프코코리아아산태양광발전소 , 아산시 둔포면 석곡리 1508(1필지) ,2013-11-06,2014-03-27,2054.97,태양광
788, 대한태양광발전소㈜ , 대한태양광발전소(주)태양광발전소 , 당진시 석문면 난지도리183(1필지) ,2013-11-20,2016-03-09,2006.4,태양광
798, 카이로스에너지㈜태안신온리 , 베스트솔라에너지(주)태안신온리 태양광발전소 , 태안군 남면 신온리 697-2외 14필지 ,2013-11-28,2015-01-13,2473.2,태양광
801, 오대양㈜아산시스템즈 , 오대양(주)아산시스템즈태양광발전소 , 아산시 둔포면 운용리 308(1필지) ,2013-12-04,2014-04-30,2505.3,태양광
817, 선도리태양광 , ㈜경인솔라시스템 , 서천군 비인면 선도리583-2외 5필지 ,2013-12-23,2017-03-22,2300,태양광
820, ㈜이엔지솔라 태양광 , ㈜이엔지솔라 , 태안군 안면읍 창기리 416-31외1필지 ,2014-01-06,2017-11-17,2010,태양광
821, ㈜동양제6 , (주)동양제6태양광발전소 , 태안군 안면읍 창기리 416-32외1필지 ,2014-01-06,2015-01-15,2004,태양광
844,  ㈜두야  , ㈜두야태양광발전소 , 태안군 근흥면 두야리 1041-1외 7필지  ,2014-01-23,2014-11-21,2005,태양광
845,  ㈜연실  , ㈜연실태양광발전소 , 태안군 근흥면 두야리 1044-2외 4필지  ,2014-01-23,2014-11-21,2005,태양광
846,  영희  , 주식회사 영희태양광발전소 , 태안군 근흥면 두야리 1039-8외 7필지  ,2014-01-23,2014-11-21,2005,태양광
895, 천우쏠라태양광발전소 , 천우쏠라 ," 태안군 고남면 장곡리 377-8,-9(2필지) ",2014-02-12,2014-12-29,2005,태양광
900, 세일철강㈜아산 , 세일철강(주)아산태양광발전소 , 아산시 인주면 모원리 15-27외 4필지 ,2014-02-17,2019-02-15,1264.66,태양광
907, 태안안면솔라㈜연안솔라6호 ,, 태안군 안면읍 정당리 175-22(1필지) ,2014-02-24,2014-07-09,2997,태양광
910, ㈜동양환경폐기물에너지 ,, 서산시 대산읍 대죽리 753-115(1필지) ,2014-02-26,2015-05-22,2990,폐기물
911, 인지솔라(주)1호 ,, 당진시 송악읍 한진리 408-7(1필지) ,2014-02-26,2015-01-07,2087.67,태양광
912, ㈜태안솔라뱅크에너지 ,, 태안군 태안읍 평천리 1211-6외 8필지 ,2014-02-26,2015-01-28,1500,태양광
915, ㈜유진 ,, 태안군 안면읍 종장리 2085(1필지) ,2014-03-03,2014-07-28,1500,태양광
918, 대원그린에너지㈜폐기물에너지 ,, 천안시 서북구 성거읍 정촌리 231-1외2필지 ,2014-03-10,2016-06-28,2900,폐기물
927, ㈜에너제이 , ㈜에너제이 , 홍성군 결성면 성남리 55-1(1필지) ,2014-04-16,2016-01-13,2997,태양광
931, (유)클린에너지 ,," 서산시 대산읍 기은리741,767-2,773-2(3필지) ",2014-05-15,2016-01-11,2900,태양광
937, ㈜삼성태양광 , ㈜삼성태양광 , 태안군 안면읍 정당리194-3외8필지 ,2014-06-18,2017-11-22,1597.5,태양광
938, ㈜칠성솔라 , ㈜칠성솔라 ," 태안군 안면읍 창기리416-37,-4,-27(3필지) ",2014-06-18,2017-11-29,1498.5,태양광
939, ㈜팔도에너지 , ㈜팔도에너지 , 태안군 안면읍 창기리416-38(1필지) ,2014-06-23,2017-11-29,2004,태양광
940, ㈜구일태양광 , ㈜구일태양광 , 태안군 안면읍 창기리416-29(1필지) ,2014-06-23,2017-11-22,1696.5,태양광
941, ㈜열린에너지 , ㈜열린에너지 , 태안군 안면읍 창기리416-30(1필지) ,2014-06-23,2017-11-22,1696.5,태양광
942, ㈜일광에너지 , ㈜일광에너지 , 태안군 안면읍 창기리416-3(1필지) ,2014-07-01,2017-11-22,2004,태양광
952, 농업회사법인㈜왕진제2햇빛 , 농업회사법인㈜더블유제이 , 부여군 임천면 점리 산231-107외 7필지 ,2014-08-01,2020-03-21,1490.4,태양광
962, (유)기은에코에너지 태양광발전소 , (유)기은에코에너지 , 서산시 대산읍 기은리726-2(1필지) ,2014-09-16,2015-05-28,1300,태양광
964, 한솔테크닉스㈜ , 한솔테크닉스㈜ , 논산시 연무읍 양지리617(1필지) ,2014-09-22,2015-09-25,1506.6,태양광
965, (유)진도그린에너지 태양광발전소 , (유)진도그린에너지 ," 서산시 대산읍 기은리726-1,729(2필지) ",2014-09-22,2015-04-23,2002,태양광
967, ㈜팜스코2호 ,, 논산시 연무읍 봉동리1205-14(1필지) ,2014-09-29,2014-11-24,2449.5,태양광
968, 에스앤이㈜태양광발전소 , 에스앤이㈜ ," 홍성군 결성면 성남리 2-41, 2-28, 2-65, 2-44, 2-63, 2-46 ",2014-10-06,2016-12-10,1893.32,태양광
971, ㈜케이엠에너지 ,, 서산시 부석면 강당리 1021-3(1필지) ,2014-10-13,2016-05-10,1300,태양광
976, 대산태양광 ,, 서산시 대산읍 오지리68-14외1필지 ,2014-10-14,2015-04-01,2304,태양광
979, (유)보령해냄 ,, 보령시 웅천읍 성동리576-22외 3필지 ,2014-10-24,2015-12-17,1996.8,태양광
985, 에코빌리지 태양광발전소 , ㈜티아이솔라6 , 태안군 안면읍 창기리209-565(1필지) ,2014-11-14,2015-12-09,2997,태양광
986, ㈜탑인프라창기 ,, 태안군 안면읍 창기리209-564(1필지) ,2014-11-14,2016-03-11,2997,태양광
1002, 목소리태양광 , ㈜세종에너지 , 금산군 복수면 목소리 산62-4(1필지) ,2015-01-12,2016-11-02,2199.45,태양광
1004, ㈜우진 ,, 태안군 근흥면 두야리1034-3외8필지 ,2015-01-14,2015-09-21,2019.6,태양광
1005, ㈜우진2호 ,, 태안군 근흥면 두야리1049-3외12필지 ,2015-01-14,2016-08-03,2086.92,태양광
1006, 인화 ,, 태안군 근흥면 두야리1055-3외7필지 ,2015-01-14,2016-08-03,2075.7,태양광
1008, 영희2호 ,," 태안군 근흥면 두야리1066-1외13필지,남산리905-2외2필지 ",2015-01-15,2016-08-03,1851.3,태양광
1009, 근흥 ,," 태안군 근흥면 두야리1067외6필지,남산리905-2(1필지) ",2015-01-15,2016-08-03,2002.77,태양광
1020, 케드코에너지㈜,, 태안군 원북면 이곡리 880-2외9필지 ,2015-02-03,2016-01-08,1459,태양광
1023, ㈜티에스에너지5호성원제강1호 ,, 당진시 석문면 통정리 820-1(1필지) ,2015-02-26,2015-12-28,2855.84,태양광
1025, 서산쏠라랜드㈜1호 ,," 서산시 대산읍 기은리 635-35, 635-36, 635-37, 635-38, 635-39 ",2015-02-26,2016-03-03,2003.22,태양광
1027, ㈜에스비솔라 ,," 당진시 고대면 장항리 1249-323,1249-26(2필지) ",2015-02-26,2019-03-14,2001.78,태양광
1031, ㈜해창솔라 , ㈜해창솔라 ," 서산시 고북면 신정리 산25, 26 ",2015-03-02,2019-05-09,2976,태양광
1032, ㈜신정솔라 , ㈜신정솔라 ," 서산시 고북면 신정리 산32-2, 산26(2필지) ",2015-03-02,2019-02-20,2976,태양광
1033, ㈜전원솔라 , ㈜전원솔라 , 서산시 고북면 신정리 산24-1 외 3필지 ,2015-03-02,2019-05-09,2976,태양광
1034, ㈜강산솔라 태양광발전소 , ㈜강산솔라 , 서산시 고북면 신정리 산24-1(1필지) ,2015-03-02,2019-02-20,2976,태양광
1037, 홍성 모산도 풍력발전소 , 한국농어촌공사 천수만사업단 , 홍성군 서부면 신리 616 외 4필지 ,2015-03-05,2017-04-11,44104,풍력
1056, 한빛에너지태양광발전소 , (유)한빛에너지 , 서산시 성연면 명천리 905-1(1필지) ,2015-04-08,2020-03-27,1999.88,태양광
1061, 솔라파워태양광 , 솔라파워㈜ , 예산군 오가면 신장리 507외 4필지 ,2015-04-14,2016-07-15,1808.73,태양광
1063, 단비음암태양광 , ㈜에스아이 , 서산시 음암면 도당리 985-2외 4필지 ,2015-04-27,2015-07-02,1200,태양광
1064, 단비신장태양광 , ㈜에스아이 ," 서산시 음암면 신장리 177-3, 177-4(2필지) ",2015-04-29,2016-08-09,2008.8,태양광
1068, 오성태양광발전소 ,," 홍성군 장곡면 오성리 322, 322-2(2필지) ",2015-05-06,2016-08-01,2098.08,태양광
1074, 썬웨이 교성1호 태양광 ,, 보령시 오천면 교성리 산108(1필지) ,2015-06-08,2018-08-03,1497.6,태양광
1075, 썬웨이 교성2호 태양광 ,, 보령시 오천면 교성리 산107-1(1필지) ,2015-06-08,2018-08-03,1750,태양광
1080, 천북승민행복나눔 태양광 ,, 보령시 천북면 하만리 380-5외 4필지 ,2015-06-17,2015-07-22,1542,태양광
1086, 디에스그린에너지㈜ 바이오-SRF연소발전소 , 디에스그린에너지㈜ , 청양군 화성면 장계리 642(1필지) ,2015-06-25,,3000,바이오
1092, 해모아태양광 , ㈜해모아 , 청양군 장평면 분향리 766-1외 8필지 ,2015-07-13,2016-12-23,1927.2,태양광
1097, K-water 보령댐 수상태양광 , 한국수자원공사 , 보령시 미산면 용수리 2-4(1필지) ,2015-07-28,2016-01-27,2004.48,태양광
1098, 한빛하만리태양광 , ㈜한빛하만리태양광발전소 , 보령시 천북면 하만리 산74-1(1필지) ,2015-07-28,2016-12-21,1800,태양광
1100, 청수리1호 태양광 , ㈜엔트웰 , 청양군 청양읍 청수리 산126-10외 3필지 ,2015-07-30,2017-05-17,1492.92,태양광
1111, 햇살태양광 , (유)신자연쏠라 ," 예산군 덕산면 복당리 595-7, 592(2필지) ",2015-08-20,2018-12-07,2000,태양광
1144, ㈜원더에너지 태양광 , ㈜원더에너지 ," 당진시 송악읍 복운리 26-17, 26-18(2필지) ",2016-01-08,2020-02-11,2004,태양광
1145, ㈜세계에너지 태양광 , ㈜세계에너지 , 당진시 송악읍 복운리 26-16외 2필지 ,2016-01-08,2020-02-11,2040,태양광
1146, ㈜포도에너지 태양광 , ㈜포도에너지 , 당진시 송악읍 복운리 26-23외 2필지 ,2016-01-08,2020-02-11,2034,태양광
1147, ㈜식스에너지 태양광 , ㈜식스에너지 ," 당진시 송악읍 복운리 26-27, 26-28(2필지) ",2016-01-08,2020-02-11,2004,태양광
1148, ㈜에스에너지 태양광 , ㈜에스에너지 , 당진시 송악읍 복운리 26-30(1필지) ,2016-01-08,2020-02-11,2028,태양광
1149, ㈜파도에너지 태양광 , ㈜파도에너지 ," 당진시 송악읍 복운리 26-17, 26-18(2필지) ",2016-01-08,2020-02-11,2010,태양광
1150, ㈜스마트에너지 태양광 , ㈜스마트에너지 , 당진시 송악읍 복운리 26-24(1필지) ,2016-01-08,2020-02-11,2004,태양광
1151, 연주태양광 , ㈜솔라드림 , 당진시 정미면 매방리 20-7외 3필지 ,2016-01-12,2018-01-23,1500,태양광
1157, 에스와이솔라태양광 , ㈜에스와이솔라 , 공주시 정안면 전평리 산6-1(1필지) ,2016-01-12,2017-12-27,1500,태양광
1158, 섬광에너지1호태양광 , ㈜섬광에너지 , 태안군 소원면 신덕리 170-7(1필지) ,2016-01-14,2017-09-05,1500,태양광
1159, 열린에너지2호태양광 , ㈜열린테크 , 태안군 소원면 신덕리 170-34(1필지) ,2016-01-14,2017-09-07,1500,태양광
1164, 추계리태양광발전소일호 , 미래에코에너지㈜ , 공주시 유구읍 추계리 산36(1필지) ,2016-02-16,2018-05-09,2002.6,태양광
1182, 야룡1호태양광 , ㈜엔더블유에너지 , 보령시 주산면 야룡리 42-1 ,2016-03-16,2017-12-14,2250.4,태양광
1185, 고라햇빛발전소 , ㈜윤파워에너지 , 서천군 마산면 나궁리 산10-18외 2필지 ,2016-03-25,2017-02-15,2150,태양광
1186, 제이파워발전소 , ㈜제이파워 ," 서천군 마산면 군간리 산2, 나궁리 산10-1(2필지) ",2016-03-25,2017-02-15,2150,태양광
1187, ㈜그린환경기술 , ㈜그린환경기술 , 천안시 서북구 성거읍 오목리 12-4(1필지) ,2016-03-31,2019-07-13,2950,폐기물
1189, 마정태양광발전소 , 마정에너지㈜ ," 천안시 서북구 직산읍 마정리 341-9, 341-10, 341-11, 341-12, 341-5, 341-8, 342-5(7필지) ",2016-04-06,2017-04-19,1996.6,태양광
1196, 서초정리1호 광명태양광 , 광명태양광㈜ , 예산군 광시면 서초정리 214-1(1필지) ,2016-04-26,2017-09-27,1647,태양광
1202, 당진JH태양광 , 은성쏠라㈜ , 당진시 정미면 매방리 산8-5(1필지) ,2016-05-10,2019-07-05,1696.32,태양광
1205, 당진SH태양광 , ㈜진양쏠라 , 당진시 정미면 매방리 산8-5(1필지) ,2016-05-10,2017-07-27,1400.49,태양광
1209, 한길태양광 , ㈜한길 태양광발전소 ," 당진시 고대면 옥현리 산307, 806, 814-1 (3필지) ",2016-05-16,2019-07-11,1774.8,태양광
1212, 레즐러태양광 , ㈜레즐러 태양광발전소 ," 당진시 고대면 옥현리 산307-3, 814-1, 814-2(3필지) ",2016-05-16,2019-06-11,1422.09,태양광
1214, 서산덕지태양광 , (유)세사람에너지 , 서산시 덕지천동 9-3외 9필지 ,2016-06-03,2017-01-04,2000,태양광
1216, 청천지구 수상태양광발전소 , 한국농어촌공사 보령지사 ," 보령시 죽정동 8, 12-1, 749-1,751 ",2016-06-08,2017-10-25,2007.36,태양광
1219, 다원태양광 , ㈜다원태양광발전 , 금산군 군북면 호티리 산83(1필지) ,2016-06-09,2019-11-19,1291.68,태양광
1220, 썬웨이브태양광 , 썬웨이브㈜ , 보령시 청소면 장곡리 산117-2(1필지) ,2016-06-16,2020-01-29,2001.6,태양광
1222, 장송태양광 , ㈜케이에스에너지삼호 , 천안시 동남구 동면 장송리 산67(1필지) ,2016-07-14,2017-12-16,2499.84,태양광
1234, 호진중리 태양광 , ㈜호진솔라원 , 아산시 배방읍 중리 157-13 ,2016-08-18,2018-07-17,1621.62,태양광
1235, 지석리태양광 , 우리환경에너지㈜ ," 부여군 충화면 지석리 729-11, 729-12, 861-1(3필지) ",2016-08-18,2017-09-14,1523.24,태양광
1244, (유)온새미로에너지 , (유)온새미로에너지 , 서산시 대산읍 기은리 715-1(1필지) ,2016-09-07,2017-06-27,2500.47,태양광
1255, 한빛궁포리태양광 , ㈜한빛궁포리발전소 , 보령시 천북면 궁포리 산54(1필지) ,2016-10-21,2019-05-24,1497.6,태양광
1258, 건천태양광 ,," 금산군 남이면 건천리 산88, 산89, 259 (3필지) ",2016-10-27,2019-02-15,2520,태양광
1262, (주)대창 태양광발전소 , ㈜대창발전소 , 보령시 웅천읍 대창리 243-10외 2필지 ,2016-11-01,2017-12-08,2497.5,태양광
1269, 에스플래닛 금산 일호 태양광 , 에스플래닛일호㈜ ," 금산군 제원면 대산리 96-2, 99-3(2필지) ",2016-11-07,2019-06-18,1997.64,태양광
1274, 엠제이에너지2 태양광 , ㈜엠제이에너지 , 공주시 우성면 내산리 산44-1(1필지) ,2016-11-15,2019-11-30,1971.36,태양광
1275, 세양2태양광 , ㈜세양 , 공주시 우성면 내산리 산44-2(1필지) ,2016-11-15,2019-11-30,2500,태양광
1283, 솔라뱅크원태양광 , 솔라뱅크원㈜ ," 홍성군 장곡면 산성리 316, 316-1, 316-3, 316-4, 316-5, 산24-5, 산24-6 ",2016-11-22,2021-01-11,1775.68,태양광
1307, ㈜최강일 태양광 , ㈜엠알솔라에너지 , 공주시 계룡면 기산리 산87-1(1필지) ,2017-01-05,2021-10-27,999,태양광
1321, 지티씨솔라6호 태양광 , ㈜지티씨솔라6호 , 아산시 영인면 신현리 168-12(1필지) ,2017-01-31,2019-06-26,1998.7,태양광
1326, 썬샤인에너지 태양광 , 썬샤인에너지㈜ , 서산시 팔봉면 진장리 산196-6외 5필지 ,2017-02-06,,2013.48,태양광
1347, 공주 태양광 , ㈜공주태양광발전소 , 공주시 계룡면 내흥리 산9-1외 3필지 ,2017-03-20,2018-01-11,1952,태양광
1349, 개화햇빛 태양광 , ㈜개화햇빛 , 보령시 성주면 개화리 산30 (1필지) ,2017-03-20,2019-06-27,2749.95,태양광
1351, 성주솔라팜 태양광 , ㈜티에스에너지15호 , 보령시 성주면 개화리 산30 (1필지) ,2017-03-20,2019-06-26,2998.8,태양광
1352, 솔라텍스 태양광 , ㈜솔라텍스에너지 , 천안시 동남구 목천읍 소사리 266-6 (1필지) ,2017-03-20,2018-06-27,1999.2,태양광
1353, 드림천안 태양광 , ㈜드림천안에너지 , 천안시 동남구 목천읍 소사리 266-6 (1필지) ,2017-03-20,2018-06-29,1802,태양광
1358, 교성리 태양광 , 와이즈솔라㈜ , 보령시 오천면 교성리 산130 (1필지) ,2017-03-30,2018-07-12,1995.12,태양광
1364," KCC대죽석고보드1,2호기 태양광발전소 ", ㈜케이씨씨 본부영업소 , 서산시 대산읍 대죽리 11-1(1필지) ,2017-04-06,2017-12-06,1983.03,태양광
1376, 홍성신성 태양광 , (유)금일에너지 ,홍성군 홍성읍 신성리 220-4 (1필지),2017-05-18,2019-05-29,1500,태양광
1384, (주)행암에너지일호 태양광발전소 , ㈜행암에너지일호 ,천안시 동남구 동면 행암리 산1-1,2017-05-30,2020-11-07,2345.67,태양광
1391, ㈜내흥 태양광발전소 , ㈜내흥태양광발전소 ,"공주시 계룡면 내흥리 산9-1, 9-2, 9-3(3필지)",2017-06-09,2019-06-26,2432,태양광
1408,  JS 태양광발전소 , ㈜제스에너지 ,서산시 장동 469-1외 3필지,2017-07-13,,2983.23,태양광
1409, ㈜세한에너지 태양광발전소 , ㈜세한에너지 ,서산시 장동 469-1외 3필지,2017-07-13,,2999,태양광
1410, GH 태양광발전소 , ㈜지에이치에너지 ,서산시 장동 452-1외 2필지,2017-07-13,,2867.87,태양광
1419, 아침태양광6호 태양광발전소 , ㈜아침태양광6호 ,천안시 동남구 병천면 탑원리 산9-1(1필지),2017-08-03,2021-08-26,1603.8,태양광
1418, (주)골든솔라 태양광발전소 , ㈜골든솔라 ,"서산시 장동 450, 452, 452-1, 452-4, 452-5, 469, 469-1, 470, 470-1, 471-1",2017-08-07,,2999,태양광
1548, 테크노 태양광발전소 , 테크노에너지㈜ ,"아산시 둔포면 산전리 65-3, 65-4, 50, 51, 52-2, 55-3, 54-3, 230, 233, 233-1 (10필지)",2017-08-17,2018-02-28,1196.8,태양광
1434, 태신에너지 태양광발전소 , 태신에너지㈜ ,공주시 이인면 용성리 산6-111(1필지),2017-08-23,2020-12-09,1953.72,태양광
1439, 선화 태양광발전소 , ㈜선화에너지 ,"예산군 광시면 서초정리 47-2, 47-3 (2필지)",2017-09-05,2019-09-17,2001.78,태양광
1457, 창기1호 태양광발전소 , ㈜디더블유에너지 ,태안군 안면읍 창기리 209-344외 3필지,2017-09-25,2020-12-04,2995.2,태양광
1458, 창기2호 태양광발전소 ,에스에이치파워㈜,태안군 안면읍 창기리 209-344외 3필지,2017-09-25,2020-12-04,2995.2,태양광
1459, 창기3호 태양광발전소 ,신안파워㈜ ,태안군 안면읍 창기리 209-344외 3필지,2017-09-25,2020-12-04,2995.2,태양광
1460, 창기4호 태양광발전소 ,서부그린에너지㈜ ,태안군 안면읍 창기리 209-344외 3필지,2017-09-25,2020-12-04,2995.2,태양광
1519, KJ 태양광발전소 , ㈜뉴쏠라 ,서산시 장동 450외 5필지,2017-11-13,,2480.26,태양광
1517, RS 태양광발전소 , ㈜가야에너지 ,"서산시 장동 450, 452-1, 470-1, 471-1(4필지)",2017-11-14,,2790.34,태양광
1518, JL 태양광발전소 , ㈜그린쏠라 ,서산시 장동 450외 7필지,2017-11-14,,2654.37,태양광
1542, 대한철강㈜ 태양광발전소 , 대한철강㈜ ,당진시 송산면 동곡로 77(동곡리 395)(건물위),2017-11-24,2018-09-11,1333.71,태양광
1578, 휴코에너지 1호 당진 태양광발전소 , 휴코에너지㈜ ,"당진시 정미면 도산리 산49, 산50(2필지)",2017-12-05,2019-08-14,1195.74,태양광
1605, ㈜이룸장원리 태양광발전소 , ㈜이룸장원리발전소 ,공주시 정안면 장원리 산7-3(1필지),2017-12-27,2019-05-03,1187.28,태양광
1685, SEC ENERGY 태양광발전소 ,,"보령시 주교면 관창리 1224-2 건물 위(1동, 6동)",2018-03-14,2018-07-13,1303.56,태양광
1710, 아산시 폐기물매립장 태양광발전소 , 한국서부발전㈜ ,"아산시 영인면 구성리 282-1, 282-3, 283, 283-2, 284, 389-5, 산41, 백석포리 산33-2, 백석포리171-1(9필지)",2018-04-05,2018-12-12,1004.85,태양광
1738, 아주산업㈜아산공장 태양광발전소 , 아주산업㈜ ,아산시 둔포면 관용로 12-11(건물위),2018-05-10,2018-10-04,1302.48,태양광
1863, 서산코넥 태양광발전소 , 솔라로드㈜ ,서산시 고북면 신송리 592-22 외 17필지(건물위),2018-08-06,2019-05-04,2437.47,태양광
1886, 우영 태양광발전소 , 솔라로드㈜ ,"서산시 음암면 신장리 744-6, 744-90, 744-92, 744-94 (건물위)",2018-08-22,2019-03-13,1064.34,태양광
1928, KCC대죽 1공장 대창고 태양광발전소 , ㈜케이씨씨 ,서산시 대산읍 대죽리 11-8,2018-08-24,2019-08-01,2912.7,태양광
1958, 에스와이2호 태양광발전소 , 에스와이패널㈜ ,"아산시 인주면 걸매리 1085,1086",2018-10-04,2019-01-17,1937.52,태양광
2059, OCI 평택당진 태양광발전소 , OCI㈜ ,당진시 신평면 매산리 976-27,2018-11-02,2019-08-31,2224.88,태양광
2082, 신성 태양광발전소 , ㈜안송전기 ,"홍성군 홍성읍 신성리1-1, 1-3, 1-4, 4-2, 23, 24, 30",2018-11-13,2020-02-22,1503.81,태양광
2147, 귀뚜라미아산 태양광발전소1호 , ㈜귀뚜라미에너지 ,"아산시 탕정면 동산리 2-9, 15-8, 20-3, 19, 15-11, 15-12",2019-01-08,2019-07-30,2995.92,태양광
2148, 귀뚜라미아산 태양광발전소2호 , ㈜귀뚜라미에너지 ,"아산시 탕정면 동산리 1, 2-10, 15, 20, 20-4, 20-5, 13, 20-2, 2-11, 2-12",2019-01-08,2019-07-30,2995.92,태양광
2151, 벽산 홍성 태양광발전소 , 전북에너지서비스㈜ , 홍성군 갈산면 취생리 641(건물위) ,2019-02-21,2019-05-22,1497.96,태양광
2223,  YNES 대원강업 태양광발전소  , 영남에너지서비스㈜ , 천안시 서북구 성거읍 모전리 278-5  ,2019-12-11,2020-08-08,1374.48,태양광
2262, 정안 Roof-top 태양광발전소 , 정안에너지㈜ , 아산시 음봉면 신휴리 765 ,2020-02-19,2020-06-25,1496.88,태양광
2299, 신보령발전본부 소내 태양광발전소 , 한국중부발전㈜ ," 보령시 주교면 송학리 1013, 1021, 1023 ",2020-03-27,2022-05-19,1134.9,태양광
2330, 대양금속 태양광발전소 , ㈜대양금속 , 예산군 신암면 계촌리 137 ,2020-08-28,2020-12-29,1701,태양광
2332, 스마일헬로솔라 태양광발전소 , ㈜스마일헬로솔라 ," 당진시 석문면 교로리 2262, 2263, 2264, 2265 (4필지) ",2020-09-25,,2100,태양광
2340, 티엠솔라 당진동국1호 태양광발전소 , 티엠솔라원㈜ , 당진시 송악읍 한진리 399 ,2020-11-06,2022-09-20,2582.1,태양광
2341, 티엠솔라 당진동국2호 태양광발전소 , 티엠솔라원㈜ , 당진시 송악읍 한진리 399 ,2020-11-06,2022-09-20,2566.7,태양광
2342, 티엠솔라 당진동국3호 태양광발전소 , 티엠솔라원㈜ ," 당진시 송악읍 한진리 399, 400 ",2020-11-06,2022-09-20,2591.2,태양광
2343, 티엠솔라 당진동국4호 태양광발전소 , 티엠솔라원㈜ , 당진시 송악읍 한진리 400 ,2020-11-06,2022-09-20,2322.6,태양광
2344, 티엠솔라 당진동국5호 태양광발전소 , 티엠솔라원㈜ , 당진시 송악읍 한진리 400 ,2020-11-06,2022-09-20,1993.9,태양광
2358, 엠케이솔라1 태양광발전소 , ㈜엠케이솔라 , 태안군 고남면 누동리 1587-23 ,2021-01-20,,2954.8,태양광
2359, 엠케이솔라2 태양광발전소 , ㈜엠케이솔라 ," 태안군 고남면 누동리 1587-22, 1587-23 ",2021-01-20,,2954.8,태양광
2360, 엠케이솔라3 태양광발전소 , ㈜엠케이솔라 ," 태안군 고남면 누동리 1587-11, 1587-20, 1587-21 ",2021-01-20,,2954.8,태양광
2361, 비가코리아태안1 태양광발전소 , ㈜비가코리아태안 , 태안군 고남면 누동리 1587-12 ,2021-01-20,,2954.8,태양광
2362, 비가코리아태안2 태양광발전소 , ㈜비가코리아태안 , 태안군 고남면 누동리 1587-12 ,2021-01-20,,2954.8,태양광
2363, 비가코리아태안3 태양광발전소 , ㈜비가코리아태안 ," 태안군 고남면 누동리 1587-2, 1587-13 ",2021-01-20,,2954.8,태양광
2364, 비가코리아태안4 태양광발전소 , ㈜비가코리아태안 , 태안군 고남면 누동리 1587-13 ,2021-01-20,,2954.8,태양광
2365, 비가코리아태안5 태양광발전소 , ㈜비가코리아태안 ," 태안군 고남면 누동리 1587-2, 1587-13 ",2021-01-20,,2064,태양광
2375, 태창 제1호발전소 , 태창금속㈜ ," 당진시 면천면 문봉리 265-4, 265-5, 265-17 ",2021-02-23,2021-07-27,1716.75,태양광
2376, 현대비앤지스틸 당진공장 태양광발전소 , 현대비앤지스틸㈜ , 당진시 송산면 동곡리 397 ,2021-03-08,2022-01-24,1034.55,태양광
2380, 미래빛중왕 태양광발전소 , ㈜미래빛에너지 ," 서산시 지곡면 중왕리 785, 805, 806, 807, 808, 809(6필지) ",2021-03-11,2024-05-30,2300.76,태양광
2382, 솔라우드중왕 태양광발전소 , ㈜솔라우드 ," 서산시 지곡면 중왕리 786, 787, 810, 811, 812, 813, 814(7필지) ",2021-03-11,2024-05-31,2509.92,태양광
2383, 일조빛중왕 태양광발전소1 , ㈜일조빛에너지1 ," 서산시 지곡면 중왕리 849, 850, 851, 852(4필지) ",2021-03-11,2024-05-30,1479.06,태양광
2384, 일조빛중왕 태양광발전소2 , ㈜일조빛에너지2 ," 서산시 지곡면 중왕리 854, 877, 878, 879(4필지) ",2021-03-11,2024-05-30,1135.44,태양광
2385, 채광중왕 태양광발전소 , ㈜채광에너지 ," 서산시 지곡면 중왕리 855, 856, 857, 882, 883, 884(6필지) ",2021-03-11,2024-05-30,2300.76,태양광
2386, 솔라셀중왕 태양광발전소 , ㈜솔라셀에너지 ," 서산시 지곡면 중왕리 867, 868, 885, 886, 887, 888, 889(7필지) ",2021-03-11,2024-05-30,2136.42,태양광
2387, 지곡빛중왕 태양광발전소 , ㈜지곡빛에너지 ," 서산시 지곡면 중왕리 869, 870, 900, 901, 902, 903, 904, 905(8필지) ",2021-03-11,2024-05-30,2651.85,태양광
2388, 솔라테크중왕 태양광발전소 , ㈜솔라테크 ," 서산시 지곡면 중왕리 906, 907, 908, 909, 910(5필지) ",2021-03-11,2024-05-30,1777.86,태양광
2389, 미래빛흑석 태양광발전소 , ㈜미래빛에너지 ," 서산시 팔봉면 흑석리 748-13, 748-38(2필지) ",2021-03-11,2024-05-30,2226.06,태양광
2390, 솔라테크흑석 태양광발전소 , ㈜솔라테크 , 서산시 팔봉면 흑석리 748-38(1필지) ,2021-03-11,2024-05-31,2300.76,태양광
2391, 솔라우드흑석 태양광발전소 , ㈜솔라우드 ," 서산시 팔봉면 흑석리 748-14, 748-40(2필지) ",2021-03-11,2024-05-31,2995.47,태양광
2392, 일조빛흑석 태양광발전소1 , ㈜일조빛에너지1 ," 서산시 팔봉면 흑석리 748-14, 748-40(2필지) ",2021-03-11,2024-05-31,2853.54,태양광
2393, 채광흑석 태양광발전소 , ㈜채광에너지 , 서산시 팔봉면 흑석리 748-43(1필지) ,2021-03-11,2024-05-31,2211.12,태양광
2396, 솔라셀흑석 태양광발전소 , ㈜솔라셀에너지 , 서산시 팔봉면 흑석리 748-35(1필지) ,2021-03-11,2024-05-31,1957.14,태양광
2397, 하늘빛연화 태양광발전소 , ㈜하늘빛에너지 ," 서산시 지곡면 연화리 652, 653, 654, 655, 656, 657, 658, 659(8필지) ",2021-03-11,2024-05-31,2995.47,태양광
2398, 지곡빛연화 태양광발전소 , ㈜지곡빛에너지 ," 서산시 지곡면 연화리 637, 638, 639, 640, 641, 642, 643, 644(8필지) ",2021-03-11,2024-05-31,2838.6,태양광
2399, 솔라테크연화 태양광발전소 , ㈜솔라테크 ," 서산시 지곡면 연화리 665, 666, 667, 668, 669(5필지) ",2021-03-11,2024-05-31,1845.09,태양광
2402, 팔봉 흑석 태양광발전소 1호 , 제이와이피브이㈜ , 서산시 팔봉면 흑석리 748-10 (1필지) ,2021-04-12,2023-01-26,2480.26,태양광
2403, 팔봉 흑석 태양광발전소 2호 , 제이와이피브이㈜ ," 서산시 팔봉면 흑석리 748-9, 748-10 (2필지) ",2021-04-12,2023-01-26,2429.44,태양광
2404, 팔봉 흑석 태양광발전소 3호 , 제이와이피브이㈜ , 서산시 팔봉면 흑석리 748-9 (1필지) ,2021-04-12,2023-01-26,2825.87,태양광
2405, 스마트서산10호 태양광발전소 , (주)스마트서산10호 ," 서산시 장동 451-9, 451-11, 451-12, 451-13, 451-18 (5필지) ",2021-04-20,,1195.2,태양광
2021-51, 현대스틸산업천안 태양광발전소 , 현대스틸산업㈜ , 천안시 서북구 성거읍 천흥리 322-1 (1필지) / 건물 위 ,2021-06-11,2022-02-03,2981.49,태양광
2021-55, 송산태양광8호발전소 , ㈜송산태양광8호발전소 ," 당진시 송산면 동곡리 2-58, 2-59, 2-60, 2-62, 2-63, 2-64 (6필지) ",2021-07-07,2024-10-02,1375.67,태양광
2021-57, 우성에너지 태양광발전소 , ㈜우성에너지 , 서산시 음암면 신장리 744-44 (1필지) / 건물 위 ,2021-07-21,2022-08-23,1980,태양광
2021-58, 송산태양광2호발전소 , ㈜송산태양광2호발전소 ," 당진시 송산면 동곡리 2-95, 2-206, 2-207, 2-212, 2-213, 2-214 (6필지) / 부지 위 ",2021-07-26,2023-06-01,1047.2,태양광
2021-62, 송산태양광12호발전소 , ㈜송산태양광12호발전소 ," 당진시 송산면 동곡리 2-96, 2-97, 2-98, 2-99, 2-100 (5필지) / 부지 위 ",2021-07-26,2023-06-01,1297.1,태양광
2021-63, 독립기념관 통일염원 진달래 태양광발전소 , 켑코솔라㈜ ," 천안시 동남구 목천읍 남화리 230-1, 산1-1, 71-1, 69-3, 74, 산38-1, 산37, 산5-1, 42-1, 74-11 (10필지) ",2021-09-01,2023-10-05,1998,태양광
2021-64, 송산태양광13호발전소 , (주)송산태양광13호발전소 ," 당진시 송산면 동곡리 2-245, 2-324, 2-325, 2-338, 2-339, 2-340, 2-341, 2-342, 2-343 (9필지) ",2021-10-25,,2987.58,태양광
2021-65, 옥현 태양광발전소 , (주)옥계리3호발전소 , 당진시 고대면 옥현리 814-14 (1필지) ,2021-10-29,,1303.2,태양광
2021-66, 신두리 영농형1호 태양광발전소 , 대원태양광발전㈜ , 태안군 원북면 신두리 1361-12 (1필지) ,2021-11-05,,2486.25,태양광
2021-67, 신두리 영농형2호 태양광발전소 , (주)쏠라그린에너지 , 태안군 원북면 신두리 1361-12 (1필지) ,2021-11-05,,2784.6,태양광
2021-68, 신두리 영농형3호 태양광발전소 , (주)팜스카이 , 태안군 원북면 신두리 1361-12 (1필지) ,2021-11-05,,2784.6,태양광
2021-69, 신두리 영농형4호 태양광발전소 , (주)서안에너지 , 태안군 원북면 신두리 1361-12 (1필지) ,2021-11-05,,2784.6,태양광
2021-70, 신두리 영농형5호 태양광발전소 , (주)팜그린 , 태안군 원북면 신두리 1361-12 (1필지) ,2021-11-05,,2784.6,태양광
2021-71, 신두리 영농형6호 태양광발전소 , (주)에스와이에너지 , 태안군 원북면 신두리 1361-12 (1필지) ,2021-11-05,,2784.6,태양광
2021-73, 부석1호 태양광발전소 , (주)부석1 ," 서산시 부석면 강당리 97, 97-2, 97-3, 97-4, 97-5, 97-16, 98, 99 (8필지) / 부지 위 ",2021-11-26,,1151.92,태양광
2021-74, 부석2호 태양광발전소 , (주)부석2 ," 서산시 부석면 강당리 101, 102, 산6-1, 산6-4  (4필지) / 부지 위 ",2021-11-26,,2094.4,태양광
2021-75, 솔라에쿼티서산001 태양광발전소 , (유)솔라에쿼티서산001 ," 서산시 부석면 강당리 1403, 1404 (2필지) / 부지 위 ",2021-12-01,,2817.36,태양광
2021-76, 길산파이프 발전소 , 길산파이프㈜ ," 계룡시 두마면 왕대리 159, 160, 162, 163 (4필지) ",2021-12-03,2024-05-07,1430,태양광
2021-80, 한전쏠라9 발전소 , 한전쏠라9㈜ ," 당진시 석문면 삼봉리 1992, 1993, 1993-1, 1994, 1995-1, 1999, 2000 (7필지) ",2021-12-09,,2927.88,태양광
2021-81, 한전쏠라11 발전소 , 한전쏠라11㈜ ," 당진시 석문면 삼봉리 2007, 2008, 2008-1, 2009 (4필지) ",2021-12-09,,2999.16,태양광
2021-82, 한전쏠라12 발전소 , 한전쏠라12㈜ ," 당진시 석문면 삼봉리 2011, 2012, 2014, 2015, 2020, 2020-1, 2021, 2022, 2022-1, 2023 (10필지) ",2021-12-09,,2999.16,태양광
2021-83, 한전쏠라13-2호 태양광발전소 , 한전쏠라13㈜ ," 당진시 석문면 교로리 2230, 2231, 2231-1, 2232, 2233, 2239, 2240 (7필지) ",2021-12-09,,2696.76,태양광
2021-84, 한전쏠라14 발전소 , 한전쏠라14㈜ ," 당진시 석문면 교로리 1898-1, 1899, 1900, 1900-1, 1901 (5필지) ",2021-12-09,,1752.84,태양광
2021-85, 한전쏠라15 발전소 , 한전쏠라15㈜ ," 당진시 석문면 삼봉리 2035-1, 2036, 2037, 2038, 2038-1, 2039, 초락도리 2417 (7필지) ",2021-12-09,,2949.48,태양광
2021-86, 한전쏠라16-2호 태양광발전소 , 한전쏠라16㈜ ," 당진시 석문면 교로리 1903, 1904, 1905, 1905-1, 1906, 1907, 1907-1, 1908 (8필지) ",2021-12-09,,2851.2,태양광
2021-77, 신창 바이오가스발전소 1호기 , 비이에프㈜ , 아산시 신창면 수장리 48-201 (1필지) ,2021-12-30,2024-01-26,2000,바이오
2021-78, 신창 바이오가스발전소 2호기 , 바이오에너지팜아산㈜ ," 아산시 신창면 수장리 48-201, 48-203 (2필지) ",2021-12-30,,1960,바이오
2021-79, 태안해쌀 태양광발전소 , (주)태안해쌀태양광 , 태안군 남면 신장리 658-2 (1필지) / 부지 위 ,2021-12-31,,2243.7,태양광
2021-87, 한전쏠라5 발전소 , 한전쏠라5㈜ ," 당진시 석문면 교로리 2205, 2206, 2207, 2207-1, 2208, 2209, 2210 (7필지) ",2021-12-31,,2818.8,태양광
2021-88, 한전쏠라7-2호 태양광발전소 , 한전쏠라7㈜ ," 당진시 석문면 삼봉리 1937-1, 1938, 1939, 1953, 1954 (5필지) ",2021-12-31,,2949.48,태양광
2021-89, 한전쏠라8 발전소 , 한전쏠라8㈜ ," 당진시 석문면 삼봉리 1969, 1970, 1970-1, 1971, 1972, 1972-1, 1973 (7필지) ",2021-12-31,,2999.16,태양광
22-Jan, 아산에너지 발전소 , (주)아산에너지 , 아산시 탕정면 명암리 1305 (1필지) ,2022-01-13,,2999.6,연료전지
22-Feb, 에스티알에너지대로리주민6호㈜ , 에스티알에너지대로리주민6호㈜ ," 서산시 대산읍 대로리 932-27, 932-28 (2필지) ",2022-02-11,,1044.48,태양광
22-Mar, (주)서영 서산지점 태양광발전소 , (주)서영 , 서산시 지곡면 무장리 1692 (1필지) / 건물 위 ,2022-03-02,2022-08-29,1429.7,태양광
22-Oct, 당진 솔라빌리지8호 태양광발전소 , (주)해봄에너지 ," 당진시 대호지면 적서리 1197-1, 1198 (2필지) / 부지 위 ",2022-04-18,,1016.16,태양광
22-Nov, 당진 솔라빌리지9호 태양광발전소 , (주)해봄에너지 ," 당진시 대호지면 적서리 1199, 1200 (2필지) / 부지 위 ",2022-04-18,,2547.36,태양광
22-Dec, 당진 솔라빌리지10호 태양광발전소 , (주)해봄에너지 ," 당진시 대호지면 적서리 1207, 1208 (2필지) / 부지 위 ",2022-04-18,,2547.36,태양광
2022-13, 당진 솔라빌리지12호 태양광발전소 , (주)해봄에너지 ," 당진시 대호지면 적서리 1226, 1227-1 (2필지) / 부지 위 ",2022-04-18,,1016.16,태양광
2022-14, 당진 솔라빌리지15호 태양광발전소 , (주)해봄에너지 ," 당진시 대호지면 적서리 1238-1, 1239, 1240 (3필지) / 부지 위 ",2022-04-18,,1016.16,태양광
2022-15, 당진 솔라빌리지16호 태양광발전소 , (주)해봄에너지 ," 당진시 대호지면 적서리 1244, 1245 (2필지) / 부지 위 ",2022-04-18,,1809.6,태양광
2022-16, 당진 솔라빌리지17호 태양광발전소 , (주)해봄에너지 ," 당진시 대호지면 적서리 1247-1, 1248, 1249, 1250, 1250-1, 1251, 1252 (7필지) / 부지 위 ",2022-04-18,,2547.36,태양광
2022-17, 당진 솔라빌리지18호 태양광발전소 , (주)해봄에너지 ," 당진시 대호지면 적서리 1270, 1271 (2필지) / 부지 위 ",2022-04-18,,1016.16,태양광
2022-18, 당진 솔라빌리지19호 태양광발전소 , (주)해봄에너지 ," 당진시 대호지면 적서리 1264, 1265 (2필지) / 부지 위 ",2022-04-18,,1016.16,태양광
2022-19, 당진 솔라빌리지20호 태양광발전소 , (주)해봄에너지 ," 당진시 대호지면 적서리 1260, 1261, 1262, 1262-1, 1263 (5필지) / 부지 위 ",2022-04-18,,1809.6,태양광
2022-20, 당진 솔라빌리지21호 태양광발전소 , (주)해봄에너지 ," 당진시 대호지면 적서리 1257, 1257-1, 1258, 1259, 1260-1 (5필지) / 부지 위 ",2022-04-18,,1809.6,태양광
2022-21, 당진 솔라빌리지22호 태양광발전소 , (주)해봄에너지 ," 당진시 대호지면 적서리 1254, 1255-1 (2필지) / 부지 위 ",2022-04-18,,1016.16,태양광
2022-22, 당진 솔라빌리지23호 태양광발전소 , (주)해봄에너지 ," 당진시 대호지면 적서리 1272, 1273, 1274, 1274-1, 1275, 1276 (6필지) / 부지 위 ",2022-04-18,,1809.6,태양광
2022-23, 당진 솔라빌리지24호 태양광발전소 , (주)해봄에너지 ," 당진시 대호지면 적서리 1276-1, 1277, 1278, 1279 (4필지) / 부지 위 ",2022-04-18,,1809.6,태양광
2022-24, 당진 솔라빌리지25호 태양광발전소 , (주)해봄에너지 ," 당진시 대호지면 적서리 1280, 1281, 1282, 1283 (4필지) / 부지 위 ",2022-04-18,,2547.36,태양광
2022-25, 당진 솔라빌리지26호 태양광발전소 , (주)해봄에너지 ," 당진시 대호지면 적서리 1294, 1295 (2필지) / 부지 위 ",2022-04-18,,1016.16,태양광
2022-26, 당진 솔라빌리지27호 태양광발전소 , (주)해봄에너지 ," 당진시 대호지면 적서리 1290, 1291, 1292, 1292-1, 1293-1 (5필지) / 부지 위 ",2022-04-18,,1809.6,태양광
2022-27, 당진 솔라빌리지28호 태양광발전소 , (주)해봄에너지 ," 당진시 대호지면 적서리 1304, 1305, 1306-1 (3필지) / 부지 위 ",2022-04-18,,1016.16,태양광
2022-28, 당진 솔라빌리지29호 태양광발전소 , (주)해봄에너지 ," 당진시 대호지면 적서리 1301, 1302, 1303 (3필지) / 부지 위 ",2022-04-18,,1016.16,태양광
2022-29, 당진 솔라빌리지30호 태양광발전소 , (주)해봄에너지 ," 당진시 대호지면 적서리 1299, 1300 (2필지) / 부지 위 ",2022-04-18,,1016.16,태양광
2022-30, 당진 솔라빌리지31호 태양광발전소 , (주)해봄에너지 ," 당진시 대호지면 적서리 1309, 1310, 1311-1 (3필지) / 부지 위 ",2022-04-18,,1016.16,태양광
2022-31, 당진 솔라빌리지32호 태양광발전소 , (주)해봄에너지 , 당진시 대호지면 적서리 1314 (1필지) / 부지 위 ,2022-04-18,,1016.16,태양광
2022-32, 당진 솔라빌리지33호 태양광발전소 , (주)해봄에너지 ," 당진시 대호지면 적서리 1317-1, 1318 (2필지) / 부지 위 ",2022-04-18,,1016.16,태양광
2022-33, 당진 솔라빌리지34호 태양광발전소 , (주)해봄에너지 ," 당진시 대호지면 적서리 1320-1, 1321, 1322, 1322-1, 1323 (5필지) / 부지 위 ",2022-04-18,,1809.6,태양광
2022-34, 당진 솔라빌리지35호 태양광발전소 , (주)해봄에너지 ," 당진시 대호지면 적서리 1351, 1352 (2필지) / 부지 위 ",2022-04-18,,1016.16,태양광
2022-35, 당진 솔라빌리지36호 태양광발전소 , (주)해봄에너지 ," 당진시 대호지면 적서리 1346, 1347 (2필지) / 부지 위 ",2022-04-18,,1016.16,태양광
2022-36, 당진 솔라빌리지37호 태양광발전소 , (주)해봄에너지 ," 당진시 대호지면 적서리 1353, 1354 (2필지) / 부지 위 ",2022-04-18,,1809.6,태양광
2022-37, 당진 솔라빌리지38호 태양광발전소 , (주)해봄에너지 ," 당진시 대호지면 적서리 1360, 1361 (2필지) / 부지 위 ",2022-04-18,,1809.6,태양광
2022-38, 당진 솔라빌리지40호 태양광발전소 , (주)해봄에너지 ," 당진시 대호지면 적서리 1386, 1387-1 (2필지) / 부지 위 ",2022-04-18,,1016.16,태양광
2022-39, 당진 솔라빌리지41호 태양광발전소 , (주)해봄에너지 ," 당진시 대호지면 적서리 1398, 1399 (2필지) / 부지 위 ",2022-04-18,,1016.16,태양광
22-Apr, 당진 솔라빌리지1호 태양광발전소 , (주)해봄에너지 ," 당진시 대호지면 적서리 1066, ,1067, 1068, 1068-1, 1069 (5필지) / 부지 위 ",2022-04-18,,1809.6,태양광
2022-40, 당진 솔라빌리지42호 태양광발전소 , (주)해봄에너지 ," 당진시 대호지면 적서리 1401-1, 1402 (2필지) / 부지 위 ",2022-04-18,,1016.16,태양광
2022-41, 당진 솔라빌리지43호 태양광발전소 , (주)해봄에너지 ," 당진시 대호지면 적서리 1404-1, 1405, 1406, 1406-1, 1407, 1408 (6필지) / 부지 위 ",2022-04-18,,2547.36,태양광
2022-42, 당진 솔라빌리지44호 태양광발전소 , (주)해봄에너지 ," 당진시 대호지면 적서리 1436, 1437, 1438, 1439-1 (4필지) / 부지 위 ",2022-04-18,,1809.6,태양광
2022-43, 당진 솔라빌리지45호 태양광발전소 , (주)해봄에너지 ," 당진시 대호지면 적서리 1452-1, 1453, 1454 (3필지) / 부지 위 ",2022-04-18,,2547.36,태양광
22-May, 당진 솔라빌리지2호 태양광발전소 , (주)해봄에너지 ," 당진시 대호지면 적서리 1122, 1123-1 (2필지) / 부지 위 ",2022-04-18,,1016.16,태양광
22-Jun, 당진 솔라빌리지3호 태양광발전소 , (주)해봄에너지 ," 당진시 대호지면 적서리 1130-1, 1131, 1132, 1133 (4필지) / 부지 위 ",2022-04-18,,1809.6,태양광
22-Jul, 당진 솔라빌리지4호 태양광발전소 , (주)해봄에너지 ," 당진시 대호지면 적서리 1131-1, 1134, 1135, 1135-1, 1136 (5필지) / 부지 위 ",2022-04-18,,1809.6,태양광
22-Aug, 당진 솔라빌리지5호 태양광발전소 , (주)해봄에너지 ," 당진시 대호지면 적서리 1179, 1180, 1180-1, 1181, 1182-1 (5필지) / 부지 위 ",2022-04-18,,1809.6,태양광
22-Sep, 당진 솔라빌리지6호 태양광발전소 , (주)해봄에너지 ," 당진시 대호지면 적서리 1174, 1175, 1175-1, 1176, 1177-1 (5필지) / 부지 위 ",2022-04-18,,1809.6,태양광
2022-44, 당진태양광개발송산(주) 송산1호 태양광발전소 , 당진태양광개발송산㈜ ," 당진시 송산면 동곡리 306-45, 306-70, 306-71, 306-72, 306-73 (5필지) / 부지 위 ",2022-04-19,,2503.68,태양광
2022-45, 당진태양광개발송산(주) 송산2호 태양광발전소 , 당진태양광개발송산㈜ ," 당진시 송산면 동곡리 306-46, 306-47, 306-81, 306-82, 306-83, 306-84, 306-85 (7필지) / 부지 위 ",2022-04-19,,2503.68,태양광
2022-46, 당진태양광개발송산(주) 송산3호 태양광발전소 , 당진태양광개발송산㈜ ," 당진시 송산면 동곡리 306-76, 306-79, 306-80, 306-86, 306-124, 306-334 (6필지) / 부지 위 ",2022-04-19,,2503.68,태양광
2022-47, 당진태양광개발송산(주) 송산4호 태양광발전소 , 당진태양광개발송산㈜ ," 당진시 송산면 동곡리 306-74, 306-119, 306-120, 306-121, 306-122, 306-123, 306-133, 306-328 (8필지) / 부지 위 ",2022-04-19,,2503.68,태양광
2022-48, 당진 솔라빌리지7호 태양광발전소 , (주)해봄에너지 ," 당진시 대호지면 적서리 1192-1, 1193, 1194, 1194-1, 1195 (5필지) / 부지 위 ",2022-04-26,,1809.6,태양광
2022-49, 당진 솔라빌리지11호 태양광발전소 , (주)해봄에너지 ," 당진시 대호지면 적서리 1229, 1230, 1231-1 (3필지) / 부지 위 ",2022-04-26,,1016.16,태양광
2022-50, 당진 솔라빌리지13호 태양광발전소 , (주)해봄에너지 ," 당진시 대호지면 적서리 1221, 1222, 1223, 1224, 1225, 1225-1 (6필지) / 부지 위 ",2022-04-26,,2547.36,태양광
2022-51, 당진 솔라빌리지14호 태양광발전소 , (주)해봄에너지 ," 당진시 대호지면 적서리 1216, 1217, 1218, 1219, 1220 (5필지) / 부지 위 ",2022-04-26,,2547.36,태양광
2022-52, 당진 솔라빌리지39호 태양광발전소 , (주)해봄에너지 ," 당진시 대호지면 적서리 1392, 1393, 1394, 1394-1, 1395, 1395-1, 1396, 1397 (8필지) / 부지 위 ",2022-04-26,,2547.36,태양광
2022-53, 주민참여형 노아 태양광발전소 , (주)노아 , 태안군 안면읍 중장리 2083 (1필지) / 부지 위 ,2022-05-10,,1998,태양광
2022-54, 주민참여형 안농 태양광발전소 , (주)안농 , 태안군 안면읍 중장리 2083 (1필지) / 부지 위 ,2022-05-10,,1998,태양광
2022-55, 주민참여형 한빛 태양광발전소 , (주)한빛태양광 , 태안군 안면읍 중장리 2083 (1필지) / 부지 위 ,2022-05-10,,1998,태양광
2022-56, 해늘터 태양광발전소 , 서환에너지㈜ ," 태안군 안면읍 창기리 209-383, 209-698, 209-699 (3필지) / 부지 위 ",2022-05-24,,1919.58,태양광
2022-57, 아산그린에너지 발전소 , (주)아산그린에너지 , 아산시 탕정면 명암리 1331 (1필지) ,2022-06-07,,2999.6,연료전지
2022-58, 에스티알에너지당진포리1호 2발전소 , 에스티알에너지당진포리1호㈜ ," 당진시 고대면 당진포리 877-1, 879-1, 879-2, 879-3 (4필지) / 부지 위 ",2022-07-28,2023-05-15,1345.6,태양광
2022-60, 대일 태양광발전소 ,, 보령시 주교면 관창공단길 227(주1동) / 건물 위 ,2022-09-02,2024-05-27,1961.7,태양광
2022-61, 승일실업 태양광발전소 , (유)티에스씨솔라3호 ," 천안시 동남구 동면 화덕리 310-4, 310-5 / 건물위 ",2022-09-02,2023-04-19,2816.1,태양광
2022-62, 샤인1호 태양광발전소 , 에스케이이샤인발전㈜ ," 아산시 선장면 신동리 27-6, 27-7, 27-8, 27-10, 27-11, 27-12, 27-13, 27-14, 27-15, 27-16, 27-17, 27-21, 산28, 산28-4  / 대지 위 ",2022-09-02,2023-03-13,2464.21,태양광
2022-66, 더함 3 태양광발전소 , 더함㈜ , 태안군 안면읍 중장리 2086-3 (1필지) / 부지 위 ,2022-09-22,,2965.95,태양광
2022-70, 대일이노텍 태양광발전소 , (주)대일이노텍 , 서산시 음암면 신장리 745-26 / 건물 위 ,2022-10-17,2023-06-23,1999.66,태양광
2022-71, 베바스토코리아 태양광발전소 , 한국동서발전㈜ , 당진시 송산면 가곡리 656 (1필지) / 건물 위 ,2022-11-15,2024-12-09,1815.48,태양광
2022-72, (주)썬라이트송산 유곡1호 태양광발전소 , (주)썬라이트송산 ," 당진시 송산면 유곡리 1-42, 1-43, 1-44, 1-45, 1-46, 1-47, 1-48, 1-49, 1-183 (9필지) / 부지 위 ",2022-11-18,,2503.68,태양광
2022-73, (주)썬라이트송산 유곡2호 태양광발전소 , (주)썬라이트송산 ," 당진시 송산면 유곡리 1-75, 1-76, 1-184, 1-185, 1-186, 1-187, 1-188, 1-189, 1-190 (9필지) / 부지 위 ",2022-11-18,,2503.68,태양광
2022-74, 해태제과 아산공장 태양광발전소 , 해태제과식품㈜ , 아산시 음봉면 신휴리 761 / 건물 위 ,2022-11-30,2023-03-06,1239,태양광
2022-75, 에코닉3 에이치비페이퍼1 태양광발전소 , 주식회사 에코닉3 , 아산시 음봉면 삼거리 91-2 / 건물 위 ,2022-12-05,2023-04-10,2361.56,태양광
2022-76, 에스그린파워 1호 태양광발전소 , ㈜에스그린파워 , 예산군 삽교읍 효림리 555 (1필지) / 건물 위 ,2022-12-16,2024-11-29,2741.76,태양광
2022-77, 에스그린파워 2호 태양광발전소 , ㈜에스그린파워 , 예산군 삽교읍 효림리 498 (1필지) / 건물 위 ,2022-12-16,2024-11-07,2741.76,태양광
2022-78, 에이치그린에너지 1호 태양광발전소 , ㈜에이치그린에너지 , 예산군 삽교읍 효림리 555 (1필지) / 건물 위 ,2022-12-16,2024-11-29,2741.76,태양광
2022-79, 에이치그린에너지 2호 태양광발전소 , ㈜에이치그린에너지 , 예산군 삽교읍 효림리 498 (1필지) / 건물 위 ,2022-12-16,2024-11-07,2741.76,태양광
23-Jan, 한스에너지 봉성 태양광발전소 , 한스에너지㈜ ," 당진시 정미면 봉성리 43-17, 84-6, 84-8 (3필지) / 건물 위 ",2023-01-30,,1885.58,태양광
23-Feb, 송산태양광9호발전소 , ㈜송산태양광9호발전소 ," 당진시 송산면 동곡리 2-95, 2-206, 2-207, 2-213, 2-214(5필지) / 부지 위 ",2023-04-03,2024-11-08,1556.28,태양광
23-Apr, 태화 태양광발전소 , (주)에스알시몬느피브이1호 ," 당진시 송악읍 영천리 469, 470, 472 (3필지) / 건물 위 ",2023-04-05,,1229.87,태양광
23-May, 서산시 자원회수시설 발전소 , 서산시청 ," 서산시 양대동 827, 828, 760-6, 753-55, 755, 937, 938, 942 (8필지) ",2023-04-14,,3000,폐기물
23-Jun, 서천공주1호 태양광 발전소 , ㈜중부하이웨이솔라원 ," 청양군 장평면 은곡리 276-1, 277, 278, 279-1,   280-1, 281-1, 282-1, 283-1, 284-1, 285-1, 649, 681-8,   681-9, 681-16, 681-17, 715-1,716-1(17필지) / 토지 위 ",2023-04-14,,1036.8,태양광
23-Aug, 쎈태양광 1호 발전소 , ㈜쎈태양광 , 아산시 인주면 걸매리 1022 (1필지) / 건물 위 ,2023-04-19,,1999.8,태양광
23-Oct, 쎈태양광 3호 발전소 , ㈜쎈태양광 ," 예산군 고덕면 상몽리 1037, 1038, 1039 (3필지)   / 건물 위 ",2023-04-20,2024-10-15,2999.7,태양광
23-Sep, 쎈태양광 2호 발전소 , ㈜쎈태양광 , 예산군 고덕면 상몽리 1032 (1필지) / 건물 위 ,2023-04-20,2024-08-22,1999.8,태양광
23-Nov, 태안그린파워 1호 , (주)태안그린파워 ," 태안군 근흥면 마금리 1035-11, 1035-15, 1035-16, 1035-25, 1035-30, 1035-76, 1035-77 (7필지) / 부지 위 ",2023-05-01,,2992.8,태양광
23-Dec, 태안그린파워 2호 , (주)태안그린파워 ," 태안군 근흥면 마금리 1035-11, 1035-15, 1035-16, 1035-25, 1035-30, 1035-76, 1035-77 (7필지) / 부지 위 ",2023-05-01,,2992.8,태양광
2023-13, 태안그린파워 3호 , (주)태안그린파워 ," 태안군 근흥면 마금리 1035-11, 1035-15, 1035-16, 1035-25, 1035-30, 1035-76, 1035-77 (7필지) / 부지 위 ",2023-05-01,,2992.8,태양광
2023-14, 대열보일러 태양광발전소 , ㈜대열보일러 , 서산시 지곡면 무장리 1696 (1필지) / 건물 위 ,2023-05-01,2023-08-31,1335.73,태양광
2023-15, 상생발전소 , 이원발전협동조합 , 태안군 이원면 포지리 1249 (1필지) ,2023-05-26,,1998,태양광
2023-16, 당진 솔라빌리지46호 태양광발전소 , ㈜해봄에너지 ," 당진시 대호지면 적서리 1117, 1118-1 (2필지) ",2023-05-31,,1016.16,태양광
2023-17, 당진 솔라빌리지47호 태양광발전소 , ㈜해봄에너지 ," 당진시 대호지면 적서리 1113, 1114, 1115, 1115-1, 1116 (5필지) ",2023-05-31,,1809.6,태양광
2023-18, 당진 솔라빌리지48호 태양광발전소 , ㈜해봄에너지 ," 당진시 대호지면 적서리 1307, 1308 (2필지) ",2023-05-31,,1016.16,태양광
2023-19, 당진 솔라빌리지49호 태양광발전소 , ㈜해봄에너지 ," 당진시 대호지면 적서리 1363-1, 1364 (2필지) ",2023-05-31,,1016.16,태양광
2023-20, 당진 솔라빌리지50호 태양광발전소 , ㈜해봄에너지 ," 당진시 대호지면 적서리 1365, 1366 (2필지) ",2023-05-31,,1016.16,태양광
2023-21, 당진 솔라빌리지51호 태양광발전소 , ㈜해봄에너지 ," 당진시 대호지면 적서리 1389, 1390, 1391, 1392-1 (4필지) ",2023-05-31,,1809.6,태양광
2023-22, 당진 솔라빌리지52호 태양광발전소 , ㈜해봄에너지 , 당진시 대호지면 적서리 1409 (1필지) ,2023-05-31,,1016.16,태양광
2023-23, 당진 솔라빌리지53호 태양광발전소 , ㈜해봄에너지 ," 당진시 대호지면 적서리 1443, 1444, 1445, 1445-1 (4필지) ",2023-05-31,,1016.16,태양광
2023-24, 당진 솔라빌리지54호 태양광발전소 , ㈜해봄에너지 ," 당진시 대호지면 적서리 1446, 1447 (2필지) ",2023-05-31,,1016.16,태양광
2023-25, 당진 솔라빌리지55호 태양광발전소 , ㈜해봄에너지 ," 당진시 대호지면 적서리 1140-1, 1141, 1145 (3필지) ",2023-05-31,,1016.16,태양광
2023-26, 당진 솔라빌리지56호 태양광발전소 , ㈜해봄에너지 ," 당진시 대호지면 적서리 1484, 1485, 1485-1 (3필지) ",2023-05-31,,1016.16,태양광
2023-27, 당진 솔라빌리지57호 태양광발전소 , ㈜해봄에너지 ," 당진시 대호지면 적서리 1494, 1495 (2필지) ",2023-05-31,,1016.16,태양광
2023-28, 당진 솔라빌리지58호 태양광발전소 , ㈜해봄에너지 , 당진시 대호지면 적서리 1499-1 (1필지) ,2023-05-31,,1016.16,태양광
2023-29, 당진 솔라빌리지59호 태양광발전소 , ㈜해봄에너지 , 당진시 대호지면 적서리 1500 (1필지) ,2023-05-31,,1016.16,태양광
2023-30, 당진 솔라빌리지60호 태양광발전소 , ㈜해봄에너지 ," 당진시 대호지면 적서리 1517, 1517-1, 1518, 1519, 1519-1, 1520, 1521-1 (7필지) ",2023-05-31,,2547.36,태양광
2023-31, 당진 솔라빌리지61호 태양광발전소 , ㈜해봄에너지 , 당진시 대호지면 적서리 1516 (1필지) ,2023-05-31,,1016.16,태양광
2023-32, 당진 솔라빌리지62호 태양광발전소 , ㈜해봄에너지 , 당진시 대호지면 적서리 1536 (1필지) ,2023-05-31,,1016.16,태양광
2023-33, 당진 솔라빌리지63호 태양광발전소 , ㈜해봄에너지 ," 당진시 대호지면 적서리 1554, 1555, 1556-1 (3필지) ",2023-05-31,,1016.16,태양광
2023-34, 당진 솔라빌리지64호 태양광발전소 , ㈜해봄에너지 ," 당진시 대호지면 적서리 1126, 1127, 1128 (3필지) ",2023-05-31,,1016.16,태양광
2023-35, 당진 솔라빌리지65호 태양광발전소 , ㈜해봄에너지 ," 당진시 대호지면 적서리 1187, 1188 (2필지) ",2023-05-31,,1016.16,태양광
2023-36, 당진 솔라빌리지66호 태양광발전소 , ㈜해봄에너지 ," 당진시 대호지면 적서리 1189, 1190 (2필지) ",2023-05-31,,1016.16,태양광
2023-37, 당진 솔라빌리지67호 태양광발전소 , ㈜해봄에너지 ," 당진시 대호지면 적서리 1233, 1234 (2필지) ",2023-05-31,,1016.16,태양광
2023-38, 덕천 열분해가스화 발전소 , 덕천산업㈜ , 홍성군 은하면 장곡리 23(1필지) / 부지 위 ,2023-06-13,,2990,열분해가스
2023-39, 송산태양광발전소 , (주)송산태양광발전소 ," 당진시 송산면 유곡리 1-10, 1-18, 1-19, 1-20, 1-21(5필지) / 부지 위 ",2023-06-16,,1327.92,태양광
2023-40, 송산태양광17호발전소 , (주)송산태양광17호발전소 ," 당진시 송산면 동곡리 2-260, 2-261, 2-262, 2-263, 2-264, 2-265, 2-266, 2-267, 2-268(9필지) / 부지 위 ",2023-06-16,,2191.2,태양광
2023-41, 송산태양광18호발전소 , (주)송산태양광18호발전소 ," 당진시 송산면 동곡리 2-269, 2-270, 2-271, 2-272(4필지) / 부지 위 ",2023-06-16,,1704.12,태양광
2023-42, 송산태양광19호발전소 , (주)송산태양광19호발전소 ," 당진시 송산면 동곡리 2-443, 2-444, 2-445, 유곡리 1-30, 1-31(5필지) / 부지 위 ",2023-06-16,,2109.36,태양광
2023-43, 대호지솔라파크 적서1호 태양광발전소 , 대호지솔라파크㈜ ," 당진시 대호지면 적서리 1380, 1381, 1382, 1382-1, 1383, 1384-1 (6필지) / 부지 위 ",2023-06-16,,2477.76,태양광
2023-44, 대호지솔라파크 적서2호 태양광발전소 , 대호지솔라파크㈜ ," 당진시 대호지면 적서리 1377, 1378, 1379, 1379-1, 1416-1, 1417, 1418 (7필지) / 부지 위 ",2023-06-16,,2338.56,태양광
2023-45, 대호지솔라파크 적서3호 태양광발전소 , 대호지솔라파크㈜ ," 당진시 대호지면 적서리 1411-1, 1412, 1413, 1414, 1431, 1432-1 (6필지) / 부지 위 ",2023-06-16,,2992.8,태양광
2023-46, 대호지솔라파크 적서4호 태양광발전소 , 대호지솔라파크㈜ ," 당진시 대호지면 적서리 1458, 1459, 1459-1, 1460, 1461, 1461-1, 1462, 1463 (8필지) / 부지 위 ",2023-06-16,,2992.8,태양광
2023-47, 대호지솔라파크 적서5호 태양광발전소 , 대호지솔라파크㈜ ," 당진시 대호지면 적서리 1475, 1476, 1476-1, 1477, 1478-1, 1504-1, 1505 (7필지) / 부지 위 ",2023-06-16,,2992.8,태양광
2023-48, 대호지솔라파크 적서6호 태양광발전소 , 대호지솔라파크㈜ ," 당진시 대호지면 적서리 1501, 1502, 1514, 1515, 1539, 1540, 1551-1 (7필지) / 부지 위 ",2023-06-16,,2171.52,태양광
2023-49, 대호지솔라파크 적서7호 태양광발전소 , 대호지솔라파크㈜ ," 당진시 대호지면 적서리 1495-1, 1496, 1497, 1497-1, 1498, 1499 (6필지) / 부지 위 ",2023-06-16,,1990.6,태양광
2023-50, 대호지솔라파크 적서8호 태양광발전소 , 대호지솔라파크㈜ ," 당진시 대호지면 적서리 1441, 1442, 1443-1, 1447-1, 1448, 1449 (6필지) / 부지 위 ",2023-06-16,,2115.8,태양광
2023-51, 비가코리아충남1호 태양광발전소 , (주)비가코리아충남 ," 태안군 고남면 누동리 1587-12, 1587-13(2필지) / 부지 위 ",2023-07-18,,2449.92,태양광
2023-52, 비가코리아충남2호 태양광발전소 , (주)비가코리아충남 , 태안군 고남면 누동리 1587-13(1필지) / 부지 위 ,2023-07-18,,2449.92,태양광
2023-53, 비가코리아충남3호 태양광발전소 , (주)비가코리아충남 , 태안군 고남면 누동리 1587-13(1필지) / 부지 위 ,2023-07-18,,2449.92,태양광
2023-54, 비가코리아충남4호 태양광발전소 , (주)비가코리아충남 ," 태안군 고남면 누동리 1587-13, 1587-31(2필지) / 부지 위 ",2023-07-18,,2449.92,태양광
2023-55, 비가코리아충남5호 태양광발전소 , (주)비가코리아충남 ," 태안군 고남면 누동리 1587-30, 1587-31(2필지) / 부지 위 ",2023-07-18,,2449.92,태양광
2023-56, 비가코리아충남6호 태양광발전소 , (주)비가코리아충남 ," 태안군 고남면 누동리 1587-30, 1587-32(2필지) / 부지 위 ",2023-07-18,,2449.92,태양광
2023-57, 경사 태양광발전소 , ㈜경사 ," 태안군 근흥면 마금리 1397-2, 1397-3, 1410-3, 1418, 1419, 1427-2 (6필지) / 부지 위 ",2023-07-28,,2998.8,태양광
2023-58, 백장 태양광발전소 , ㈜백장 ," 태안군 근흥면 마금리 1443, 1462 (2필지) / 부지 위 ",2023-07-28,,2998.8,태양광
2023-59, 대낭 태양광발전소 , ㈜대낭 ," 태안군 근흥면 마금리 1397-2, 1397-3, 1410-3, 1427-2, 1442-1, 1442-2, 1442-3, 1443, 1445-1, 1451-1 (10필지) / 부지 위 ",2023-07-28,,2998.8,태양광
2023-60, 고달 태양광발전소 , ㈜고달 ," 태안군 근흥면 마금리 1397-2, 1397-3, 1410-3, 1427-2 (4필지) / 부지 위 ",2023-07-28,,2998.8,태양광
2023-61, 사자 태양광발전소 , ㈜사자 ," 태안군 근흥면 마금리 1443, 1469-3 (2필지) / 부지 위 ",2023-07-28,,2077.74,태양광
2023-63, 케이아이씨에너지 , ㈜케이아이씨이엔지 , 아산시 둔포면 석곡리 1483(1필지) / 건물 위 ,2023-08-11,,2499.84,태양광
2023-64, 광진 태양광발전소 , ㈜광진기계 , 아산시 인주면 걸매리 1047(1필지) / 건물 위 ,2023-08-25,,1199.52,태양광
2023-65, 아산그린에너지 , (주)아산그린에너지 , 아산시 음봉면 신수리 217-8 ,2023-08-25,,2640,태양광
2023-66, 로아 2호 태양광발전소 , ㈜로아팩키지 , 당진시 대호지면 출포리 235-28 ,2023-09-06,,1536.63,태양광
2023-67, 송산태양광 14호발전소 , ㈜송산태양광14호발전소 ," 당진시 송산면 유곡리 1-86, 1-87, 1-88, 1-89, 1-90, 1-91, 1-92, 1-93, 1-94(9필지) / 토지 위 ",2023-09-27,,2510,태양광
2023-68, 송산태양광 16호발전소 , ㈜송산태양광16호발전소 ," 당진시 송산면 유곡리 1-95, 1-96, 1-97, 1-98, 1-99, 1-100, 1-101, 1-102, 1-103, 1-104, 1-105, 1-106(12필지) / 토지 위 ",2023-09-27,,2450,태양광
2023-69, 송산태양광 21호발전소 , ㈜송산태양광21호발전소 ," 당진시 송산면 유곡리 1-107, 1-108, 1-109, 1-110, 1-121, 1-122, 1-123, 1-124(8필지) / 토지 위 ",2023-09-27,,2280,태양광
2023-70, 송산태양광 22호발전소 , ㈜송산태양광22호발전소 ," 당진시 송산면 유곡리 1-125, 1-126, 1-127, 1-128, 1-129, 1-130, 1-131, 1-137, 1-138, 1-139, 1-140, 1-141(12필지) / 토지 위 ",2023-09-27,,2660,태양광
2023-71, 문화직물 태양광발전소 , 한국동서발전㈜ , 예산군 삽교읍 효림리 509(1필지) / 건물 위 ,2023-10-04,,1218.24,태양광
2023-72, 당진솔라 2호 , ㈜당진솔라 ," 당진시 송악읍 복운리 1292, 1293, 1294, 1295, 1296(5필지) / 부지 위 ",2023-10-06,,1992,태양광
2023-73, 연화 1호 태양광발전소 , ㈜연화제1태양광발전소 ," 서산시 지곡면 연화리 794, 795, 796, 797-2, 798-2, 799, 장현리 793-2, 794 (8필지) / 부지 위 ",2023-10-25,,2999.68,태양광
2023-74, 연화 2호 태양광발전소 , ㈜연화제2태양광발전소 ," 서산시 지곡면 연화리 748-2, 762, 763, 764, 776, 777, 786-2, 787, 788 (9필지) / 부지 위 ",2023-10-25,,2999.68,태양광
2023-75, 연화 3호 태양광발전소 , ㈜연화제3태양광발전소 ," 서산시 지곡면 연화리 744-2, 745, 749, 750, 751, 752, 753 (7필지) / 부지 위 ",2023-10-25,,2999.68,태양광
2023-76, 남양 제5 태양광발전소 , ㈜남양제5솔라 ," 서산시 지곡면 연화리 718, 719, 720, 732, 733, 741, 742-2 (7필지) / 부지 위 ",2023-10-25,,2819.83,태양광
2023-77, 중왕 1호 태양광발전소 , 중왕제1발전소㈜ ," 서산시 지곡면 연화리 721, 722, 723, 724, 728, 729 (6필지) / 부지 위 ",2023-10-25,,2819.83,태양광
2023-78, 당진솔라 1호 , ㈜당진솔라 ," 당진시 송악읍 복운리 1381, 1382, 1392, 1393, 1394, 1395, 1396 (7필지) / 부지 위 ",2023-10-31,,2999.4,태양광
2023-79, 씨엔태양광발전소3 , ㈜씨엔에너지2호 , 당진시 당진시 합덕읍 석우리 1137 (1필지) / 건물 위 ,2023-11-15,2024-06-13,2120.53,태양광
2023-80, 에스와이보령1호 태양광발전소 , 에스와이에너지㈜ ," 보령시 웅천읍 석재단지길 58 (대창리 960-1,2,3)(3필지) / 건물 위 ",2023-11-22,,1500,태양광
2023-81, 신동1호 태양광발전소 , ㈜신동리일구마을회 ," 아산시 선장면 신동리 28, 28-12, 29-1, 29-2, 29-3, 30-1, 30-2, 30-4, 30-6, 31, 59 (11필지) / 부지 위 ",2023-11-22,,1198.88,태양광
2023-82, 당진 솔라빌리지68호 태양광발전소 , ㈜해봄에너지 ," 당진시 대호지면 적서리 1235, 1236 (2필지) / 부지 위 ",2023-11-28,,1016.16,태양광
2023-83, 당진 솔라빌리지69호 태양광발전소 , ㈜해봄에너지 , 당진시 대호지면 적서리 1457(1필지) / 부지 위 ,2023-11-28,,1016.16,태양광
2023-84, 당진 솔라빌리지70호 태양광발전소 , ㈜해봄에너지 ," 당진시 대호지면 적서리 1478, 1479(2필지) / 부지 위 ",2023-11-28,,1016.16,태양광
2023-85, 한전쏠라100-1 태양광발전소 , 한전쏠라100 주식회사 ," 당진시 석문면 교로리 1204,1213,1214 (3필지) / 부지 위 ",2023-12-12,,2525.88,태양광
2023-86, 한전쏠라101 태양광발전소 , 한전쏠라101 주식회사 ," 당진시 석문면 교로리 1210,1211,1212 (3필지) / 부지 위 ",2023-12-12,,2637.48,태양광
2023-87, 한전쏠라102 태양광발전소 , 한전쏠라102 주식회사 ," 당진시 석문면 교로리 1205,1206,1207 (3필지) / 부지 위 ",2023-12-12,,2651.12,태양광
2023-88, 한전쏠라103 태양광발전소 , 한전쏠라103 주식회사 ," 당진시 석문면 교로리 1200,1201,1202 (3필지) / 부지 위 ",2023-12-12,,2651.12,태양광
2023-89, 아산시 회룡리 연료전지발전소 , ㈜제이에스이엔지 ," 아산시 배방읍 회룡리 324, 325번지 / 부지 위 ",2023-12-13,,2970,연료전지(SOFC)
2023-90, ㈜삼신 1공장 태양광발전소 , 한국동서발전㈜ ," 천안시 서북구 입장면 도림리 122, 124-4, 129, 131, 134-1, 136-1, 136-7, 136-8, 358-6 (9필지) / 건물 위 ",2023-12-26,,1100,태양광
24-Jan, 서천공주3호 태양광 발전소 , ㈜중부하이웨이솔라원 ," 청양군 목면 안심리 799-13, 799-4, 831-5, 798-3, 798-4, 799-14, 798-5, 836-1, 831-4, 797-4, 797-5, 797-6 (12필지) / 토지 위 ",2024-01-30,,1095.85,태양광
24-Feb, 아산동성 태양광발전소 , 지아이티솔라㈜ ," 아산시 둔포면 관대안길 45(도로명)/ 토지 및 건물 위, (지번)충청남도 아산시 둔포면 관대리 36, 충청남도 아산시 둔포면 산전리 171-6 ",2024-03-12,,1199.25,태양광
24-Mar, 에이치그린솔라 태양광발전소 , ㈜에이치그린솔라 ," 서산시 지곡면 화천리 1456, 무장리 1838 / (현대트랜시스 지곡 1,3공장 건물 위) ",2024-03-25,2024-08-30,2728.14,태양광
24-Apr, 서산위스코1호 태양광발전소 , (유) 지에이에너지 , 서산시 성연면 오사리 1634(1필지) / 건물 위 ,2024-04-02,2024-09-10,1857,태양광
24-May, 한전쏠라100 태양광발전소(2차) , 한전쏠라100㈜ ," 당진시 석문면 교로리 1407, 1408, 1409 (3필지) / 토지 위 ",2024-04-25,,2507.28,태양광
24-Jun, 한전쏠라101 태양광발전소(2차) , 한전쏠라101㈜ ," 당진시 석문면 교로리 1416, 1419 (2필지) / 토지 위 ",2024-04-25,,1780.64,태양광
24-Jul, 한전쏠라102 태양광발전소(2차) , 한전쏠라102㈜ ," 당진시 석문면 교로리 1418, 1427, 1428, 1429 (4필지) / 토지 위 ",2024-04-25,,2363.44,태양광
24-Aug, 한전쏠라103 태양광발전소(2차) , 한전쏠라103㈜ ," 당진시 석문면 교로리 1420, 1421, 1426 (3필지) / 토지 위 ",2024-04-25,,2828.44,태양광
24-Sep, 한전쏠라104 태양광발전소(2차) , 한전쏠라104㈜ ," 당진시 석문면 교로리 1422, 1423 (2필지) / 토지 위 ",2024-04-25,,1914.56,태양광
24-Oct, 고문당인쇄 태양광발전소 , 고문당인쇄㈜ , 아산시 음봉면 산동리 1016 / (건물 위) ,2024-05-01,2024-11-18,1456,태양광
24-Nov, ㈜정감 태양광발전소 대전 , ㈜정감 , 당진시 합덕읍 대전리 254-5 ,2024-05-27,,1299.54,태양광
24-Dec, 지훈1호 태양광발전소 ,,"  충청남도 아산시 선장면 신동리 3-7번지 외 3필지(3-11, 12-5,12-6) ",2024-06-05,,1026.2,태양광
2024-13, 이피씨 태양광발전소 , ㈜덕신이피씨 ," 천안시 동남구 수신면 수신로 485-34, 485-22 (2필지) / 건물 위 ",2024-06-24,2024-11-06,1400,태양광
2024-14, 한전쏠라4호 태양광발전소 ,한전쏠라4㈜,"당진시 석문면 교로리 1507, 1508, 1509, 1510(4필지) / 토지 위",2024-08-30,,2999.7,태양광
2024-15, 한전쏠라5  태양광발전소 ,한전쏠라5㈜,"당진시 석문면 삼봉리 1986, 1987, 1995, 1996, 1997, 1997-1, 1998(7필지) / 토지위",2024-08-30,,2999.7,태양광
2024-16, 한전쏠라5-3호 태양광발전소 ,한전쏠라5㈜,"당진시 석문면 교로리 1952-1, 1953, 1954, 1952, 1951, 1950-1 (3필지) / 토지위",2024-08-30,,2442,태양광
2024-17, 한전쏠라5-4호 태양광발전소 ,한전쏠라5㈜,"당진시 석문면 교로리 1855, 1856-1, 1857, 1858, 1859-1(5필지) / 토지 위",2024-08-30,,2999.7,태양광
2024-18, 한전쏠라5-5호 태양광발전소 ,한전쏠라5㈜,"당진시 석문면 교로리 1482, 1493, 1494, 1505, 1506(5필지) / 토지위",2024-08-30,,2999.7,태양광
2024-19, 한전쏠라7 태양광발전소 ,한전쏠라7㈜,"당진시 석문면 삼봉리 2001, 2002, 2004, 2005, 2006(5필지) / 토지위",2024-08-30,,1077.12,태양광
2024-20, 한전쏠라7-3호 태양광발전소 ,한전쏠라7㈜,"당진시 석문면 교로리 1880, 1881, 1881-1, 1882, 1883, 1884(6필지) / 토지위",2024-08-30,,2911.92,태양광
2024-21, 한전쏠라7-4호 태양광발전소 ,한전쏠라7㈜,"당진시 석문면 교로리 1780, 1781-1, 1781, 1782, 1785, 1786, 1798, 1799-1(8필지) / 토지위",2024-08-30,,2999.7,태양광
2024-22, 한전쏠라8-2호 태양광발전소 ,한전쏠라8㈜,"당진시 석문면 교로리 1873, 1874, 1875 (3필지) / 토지위",2024-08-30,,1907.4,태양광
2024-23, 한전쏠라8-3호 태양광발전소 ,한전쏠라8㈜,"당진시 석문면 교로리 1776, 1777, 1778-1, 1789, 1788-1, 1794, 1795, 1796-1 (8필지) / 토지위",2024-08-30,,2760.12,태양광
2024-24, 한전쏠라9-2호?태양광발전소 ,한전쏠라8㈜,"당진시 석문면 교로리 2235, 2238, 2337(3필지) / 토지위",2024-08-30,,2067.03,태양광
2024-25, 한전쏠라9-3호 태양광발전소 ,한전쏠라9㈜,"당진시 석문면 교로리 1806-1, 1807, 1808, 1809, 1809-1, 1810(6필지) / 토지위",2024-08-30,,2760.12,태양광
2024-26, 한전쏠라9-4호 태양광발전소 ,한전쏠라9㈜,"당진시 석문면 교로리 1476, 1477, 1487(3필지) / 토지위",2024-08-30,,2999.7,태양광
2024-27, 한전쏠라11-2호 태양광발전소 ,한전쏠라11㈜,"당진시 석문면 교로리 2220, 2221, 2222, 2223(4필지) / 토지위",2024-08-30,,2960.72,태양광
2024-28, 한전쏠라11-3호 태양광발전소 ,한전쏠라11㈜,"당진시 석문면 교로리 1865, 1867, 1868-1, 1869, 1870-1, 1871 (6필지) / 토지위",2024-08-30,,2999.7,태양광
2024-29, 한전쏠라11-4호 태양광발전소 ,한전쏠라11㈜,"당진시 석문면 교로리 1941, 1942, 1948-1, 1949, 1950, (5필지) / 토지위",2024-08-30,,2442,태양광
2024-30, 한전쏠라12-2호 태양광발전소 ,한전쏠라12㈜,"당진시 석문면 삼봉리 1932, 1933-1, 1934, 1935, 1941, 1942, 1942-1, 1943, 1944-1 (9필지) / 토지위",2024-08-30,,2999.7,태양광
2024-31, 한전쏠라12-4호 태양광발전소 ,한전쏠라12㈜,"당진시 석문면 교로리 1890, 1894-1, 1895, 1895-1, 1896 (5필지) / 토지위",2024-08-30,,2999.7,태양광
2024-32, 한전쏠라13 태양광발전소 ,한전쏠라13㈜,"당진시 석문면 삼봉리 1974-1, 1991, 2025, 2026, 2027, 2027-1, 2028(7필지) / 토지위",2024-08-30,,2999.7,태양광
2024-33, 한전쏠라13-3호 태양광발전소  ,한전쏠라13㈜,"당진시 석문면 교로리 1932-1, 1933, 1934, 1937, 1938, 1939-1, 1940(7필지) / 토지위",2024-08-30,,2999.99,태양광
2024-34, 한전쏠라13-4호 태양광발전소 ,한전쏠라13㈜,"당진시 석문면 교로리 1478, 1479, 1480(3필지) / 토지위",2024-08-30,,2480.94,태양광
2024-35, 한전쏠라14 태양광발전소 ,한전쏠라14㈜,"당진시 석문면 삼봉리 1976, 1977, 1978, 1979(4필지) / 토지위",2024-08-30,,2265.78,태양광
2024-36, 한전쏠라14-3호 태양광발전소 ,한전쏠라14㈜,"당진시 석문면 교로리 1758, 1759, 1760, 1761-1, 1769, 1770, 1770-1, 1771(8필지) / 토지위",2024-08-30,,2999.7,태양광
2024-37, 한전쏠라15-2호 태양광발전소 ,한전쏠라15㈜,"당진시 석문면 삼봉리 1954-1, 1955, 1956, 1956-1, 1957, 1958, 1958-1, 1959 (8필지) / 토지위",2024-08-30,,2999.7,태양광
2024-38, 한전쏠라15-3호 태양광발전소 ,한전쏠라15㈜,"당진시 석문면 교로리 1885, 1886-1 (2필지) / 토지위",2024-08-30,,1077.12,태양광
2024-39, 한전쏠라15-4호 태양광발전소 ,한전쏠라15㈜,"당진시 석문면 교로리 1812, 1813, 1814, 1814-1, 1815, 1822-1, 1823, 1824(8필지) / 토지위",2024-08-30,,2760.12,태양광
2024-40, 한전쏠라15-5호 태양광발전소 ,한전쏠라15㈜,"당진시 석문면 교로리 1439, 1440, 1441, 1442(4필지) / 토지위",2024-08-30,,2999.7,태양광
2024-41, 한전쏠라16 태양광발전소 ,한전쏠라16㈜,"당진시 석문면 삼봉리 1965, 1966, 1967(3필지) / 토지위",2024-08-30,,1569.48,태양광
2024-42, 한전쏠라16-3호 태양광발전소 ,한전쏠라16㈜,"당진시 석문면 교로리 1763, 1764, 1765, 1765-1, 1766, 1767, 1768, 1768-1(8필지) / 토지위",2024-08-30,,2999.7,태양광
2024-43, 동창알앤에스 태양광발전소 ,㈜솔라테크에너지5호,아산시 인주면 걸매리 1030(1필지) / 건물 위,2024-09-04,,1533.17,태양광
2024-44, 당암발전1호 ,㈜서검솔라에너지,태안군 남면 당암리 908-4 일대 공유수면(1구역),2024-09-13,,2099.62,태양광
2024-45, 당암발전2호 ,㈜등대,태안군 남면 당암리 908-4 일대 공유수면(2구역),2024-09-13,,1999.58,태양광
2024-46, 당암발전3호 ,㈜선주쏠라,태안군 남면 당암리 908-4 일대 공유수면(3구역),2024-09-13,,2999.98,태양광
2024-47, 당암발전4호 ,㈜지앤씨에너지,태안군 남면 당암리 908-4 일대 공유수면(4구역),2024-09-13,,2999.98,태양광
2024-48, 당암발전5호 ,㈜길만스,태안군 남면 당암리 908-4 일대 공유수면(5구역),2024-09-13,,2999.98,태양광
2024-49, 당암발전6호 ,㈜해람발전1호,태안군 남면 당암리 908-4 일대 공유수면(6구역),2024-09-13,,2999.98,태양광
2024-50, 당암발전7호 ,㈜제이씨에너지1,태안군 남면 당암리 908-4 일대 공유수면(7구역),2024-09-13,,2999.98,태양광
2024-51, 당암발전8호 ,㈜백억,태안군 남면 당암리 908-4 일대 공유수면(8구역),2024-09-13,,2999.98,태양광
2024-52, 당암발전9호 ,㈜삼흥태양광발전소,태안군 남면 당암리 908-4 일대 공유수면(9구역),2024-09-13,,2999.98,태양광
2024-53, 당암발전10호 ,㈜해람발전2호,태안군 남면 당암리 908-4 일대 공유수면(10구역),2024-09-13,,2999.98,태양광
2024-54, 당암발전11호 ,㈜서검솔라에너지,태안군 남면 당암리 908-4 일대 공유수면(11구역),2024-09-13,,2999.98,태양광
2024-55, 당암발전12호 ,㈜등대,태안군 남면 당암리 908-4 일대 공유수면(12구역),2024-09-13,,2999.98,태양광
2024-56, 당암발전13호 ,㈜선주쏠라,태안군 남면 당암리 908-4 일대 공유수면(13구역),2024-09-13,,1749.48,태양광
2024-57, 당암발전14호 ,㈜지앤씨에너지,태안군 남면 당암리 908-4 일대 공유수면(14구역),2024-09-13,,2999.98,태양광
2024-58, 당암발전15호 ,㈜길만스,태안군 남면 당암리 908-4 일대 공유수면(15구역),2024-09-13,,1749.48,태양광
2024-59, 성광금속 태양광발전소 ,성광금속㈜,"예산군 고덕면 오추리 849, 851(2필지) / 건물 위",2024-09-24,,1306.6,태양광
2024-60, ENELXKOMIPO_천안2 발전소 ,에넬엑스중부태양광(유),천안시 서북구 입장면 도림리331-5(1필지) / 건물 위,2024-09-24,,1784.4,태양광
2024-61,인사이트루프탑솔라2호 태양광발전소,인사이트루프탑솔라2호㈜,아산시 탕정면 명암리 1324(1필지) / 건물 위,2024-10-14,,1021.23,태양광
2024-62,갈산2호 태양광발전소,㈜에이치쏠라,"당진시 순성면 갈산리 689, 693, 835, 산92-12, 산109-12(5필지) / 부지 위",2024-11-08,,1864.8,태양광
2024-63,삼원 태양광발전소,삼원중공업㈜,"당진시 송악읍 석포리1-10, 중흥리362-8 (2필지) / (건물 위)",2024-11-08,,1339.8,태양광
2024-64,기산리1호 태양광발전소,㈜기산리주민그린에너지,"홍성군 갈산면 기산리 707, 708(2필지)",2024-11-20,,2998,태양광
2024-65,기산리2호 태양광발전소,㈜리드,"홍성군 갈산면 기산리 708, 709(2필지)",2024-11-20,,2998,태양광
2024-66,기산리3호 태양광발전소,기산리그린파크㈜,"홍성군 갈산면 기산리 709, 710(2필지)",2024-11-20,,2998,태양광
2024-67,기산리4호 태양광발전소,기산리에코파크㈜,"홍성군 갈산면 기산리 710, 711(2필지)",2024-11-20,,2998,태양광
2024-68,기산리5호 태양광발전소,기산리파트너스㈜,"홍성군 갈산면 기산리 711, 712(2필지)",2024-11-20,,2998,태양광
2024-69,분향태양광발전소,분향태양광발전㈜,"청양군 장평면 분향리 964, 965, 966 (3필지) / (부지 위)",2024-11-26,,1006.6,태양광
